invoice_id,flagged,error_category,expected_total_cents,billed_total_cents,confidence
INV-H5-000001,1,duplicate_invoice_id|invoice_total_mismatch|line_total_arithmetic|service_date_after_invoice_date,2263394,1790346,0.9623
INV-H5-000002,0,,4279378,4279378,0.9779
INV-H5-000003,0,,3060861,3060861,0.9820
INV-H5-000004,0,,2394252,2394252,0.9764
INV-H5-000005,0,,1284813,1284813,0.9414
INV-H5-000006,0,,3572873,3572873,0.6797
INV-H5-000007,0,,5985654,5985654,0.9722
INV-H5-000008,0,,2927504,2927504,0.9635
INV-H5-000009,0,,4782919,4782919,0.9684
INV-H5-000010,0,,2530893,2530893,0.9549
INV-H5-000011,0,,2091174,2091174,0.6746
INV-H5-000012,0,,2610439,2610439,0.9545
INV-H5-000013,0,,2370617,2370617,0.9719
INV-H5-000014,0,,1013030,1013030,0.9794
INV-H5-000015,1,premium_incorrectly_applied|unit_price_mismatch|volume_discount_incorrectly_applied,3886032,3733765,0.9747
INV-H5-000016,0,,3197587,3197587,0.9717
INV-H5-000017,0,,1203384,1203384,0.9497
INV-H5-000018,0,,2415728,2415728,0.9454
INV-H5-000019,0,,5587482,5587482,0.6813
INV-H5-000020,0,,2968274,2968274,0.9544
INV-H5-000021,0,,3209579,3209579,0.9748
INV-H5-000022,0,,1706589,1706589,0.9811
INV-H5-000023,0,,1458945,1458945,0.9851
INV-H5-000024,0,,4015825,4015825,0.6875
INV-H5-000025,0,,501836,501836,0.9747
INV-H5-000026,0,,3566663,3566663,0.9732
INV-H5-000027,0,,1617459,1617459,0.9506
INV-H5-000028,0,,2631208,2631208,0.9834
INV-H5-000029,0,,3084149,3084149,0.6775
INV-H5-000030,0,,1574328,1574328,0.9459
INV-H5-000031,0,,2851887,2851887,0.6805
INV-H5-000032,0,,3398235,3398235,0.6898
INV-H5-000033,0,,1848070,1848070,0.9692
INV-H5-000034,1,exclusion_window_violation|malformed_service_date|unknown_service,1388953,1586458,0.6358
INV-H5-000035,0,,2989060,2989060,0.9712
INV-H5-000036,0,,1441175,1441175,0.9856
INV-H5-000037,0,,2358514,2358514,0.9692
INV-H5-000038,0,,4032028,4032028,0.9746
INV-H5-000039,0,,420880,420880,0.9238
INV-H5-000040,0,,4637007,4637007,0.9790
INV-H5-000041,0,,2994005,2994005,0.9542
INV-H5-000042,0,,1736302,1736302,0.9716
INV-H5-000043,0,,884375,884375,0.9892
INV-H5-000044,0,,3888004,3888004,0.9707
INV-H5-000045,0,,3095919,3095919,0.9841
INV-H5-000046,1,premium_incorrectly_applied|unit_price_mismatch|volume_discount_incorrectly_applied|wrong_unit_basis,3033779,2819235,0.6425
INV-H5-000047,0,,6286080,6286080,0.9796
INV-H5-000048,0,,1377165,1377165,0.9851
INV-H5-000049,0,,2676455,2676455,0.9850
INV-H5-000050,0,,5649146,5649146,0.6808
INV-H5-000051,0,,1013625,1013625,0.6579
INV-H5-000052,0,,3031372,3031372,0.9560
INV-H5-000053,0,,3546215,3546215,0.9612
INV-H5-000054,0,,1736920,1736920,0.9311
INV-H5-000055,0,,3080927,3080927,0.9612
INV-H5-000056,0,,1386580,1386580,0.9801
INV-H5-000057,0,,1142125,1142125,0.6743
INV-H5-000058,0,,1704563,1704563,0.9605
INV-H5-000059,0,,1341728,1341728,0.9800
INV-H5-000060,0,,1840486,1840486,0.6768
INV-H5-000061,0,,1191268,1191268,0.9765
INV-H5-000062,0,,4173307,4173307,0.9801
INV-H5-000063,0,,7208783,7208783,0.9803
INV-H5-000064,0,,2780762,2780762,0.9633
INV-H5-000065,0,,2588563,2588563,0.9532
INV-H5-000066,0,,3033515,3033515,0.6778
INV-H5-000067,0,,1833897,1833897,0.6874
INV-H5-000068,0,,3548528,3548528,0.6895
INV-H5-000069,0,,2943997,2943997,0.9781
INV-H5-000070,0,,3165698,3165698,0.6830
INV-H5-000071,0,,1567731,1567731,0.9589
INV-H5-000072,0,,993866,993866,0.9598
INV-H5-000073,1,duplicate_service|invoice_total_mismatch|premium_incorrectly_applied|unit_price_mismatch|volume_discount_incorrectly_applied|volume_discount_omitted,1586704,1718945,0.6730
INV-H5-000074,1,contract_number_mismatch|duplicate_invoice_id|invoice_total_mismatch|premium_incorrectly_applied|service_date_out_of_window|unit_price_mismatch|volume_discount_incorrectly_applied|volume_discount_omitted,6726440,3046447,0.9729
INV-H5-000075,0,,3593629,3593629,0.9712
INV-H5-000076,1,duplicate_invoice_id|invoice_total_mismatch|premium_incorrectly_applied|unit_price_mismatch|volume_discount_incorrectly_applied|volume_discount_omitted,5682275,3061300,0.6918
INV-H5-000077,1,service_date_after_invoice_date,1575041,1575041,0.9687
INV-H5-000078,0,,2806193,2806193,0.9688
INV-H5-000079,0,,5567277,5567277,0.6610
INV-H5-000080,0,,2025048,2025048,0.9697
INV-H5-000081,0,,1084993,1084993,0.9855
INV-H5-000082,0,,1637440,1637440,0.6760
INV-H5-000083,0,,1869011,1869011,0.9595
INV-H5-000084,0,,2763677,2763677,0.6593
INV-H5-000085,0,,4885357,4885357,0.6826
INV-H5-000086,0,,6564875,6564875,0.9729
INV-H5-000087,0,,415087,415087,0.9389
INV-H5-000088,0,,1559454,1559454,0.9579
INV-H5-000089,0,,5946686,5946686,0.9734
INV-H5-000090,0,,1712643,1712643,0.9728
INV-H5-000091,1,invoice_total_mismatch|premium_incorrectly_applied|unit_price_mismatch|volume_discount_incorrectly_applied,2620562,2533713,0.6852
INV-H5-000092,0,,891912,891912,0.9821
INV-H5-000093,0,,5022395,5022395,0.6766
INV-H5-000094,0,,2728254,2728254,0.9870
INV-H5-000095,0,,1254832,1254832,0.9728
INV-H5-000096,0,,1671486,1671486,0.9900
INV-H5-000097,0,,1973736,1973736,0.9641
INV-H5-000098,0,,4627024,4627024,0.9685
INV-H5-000099,0,,2440671,2440671,0.6762
INV-H5-000100,0,,3030550,3030550,0.6917
INV-H5-000101,0,,2682767,2682767,0.6856
INV-H5-000102,1,wrong_unit_basis,3415440,3415440,0.9816
INV-H5-000103,0,,2369452,2369452,0.9698
INV-H5-000105,0,,2749081,2749081,0.9754
INV-H5-000106,0,,3869792,3869792,0.6723
INV-H5-000107,0,,6115057,6115057,0.9720
INV-H5-000108,0,,3979059,3979059,0.6835
INV-H5-000109,1,premium_incorrectly_applied|unit_price_mismatch|volume_discount_incorrectly_applied,5365694,5397917,0.9691
INV-H5-000110,0,,2692178,2692178,0.9669
INV-H5-000111,0,,1925725,1925725,0.9708
INV-H5-000112,0,,1604708,1604708,0.9309
INV-H5-000113,0,,1374270,1374270,0.6273
INV-H5-000114,0,,1425235,1425235,0.9632
INV-H5-000115,0,,1825298,1825298,0.9825
INV-H5-000116,0,,5060906,5060906,0.9664
INV-H5-000117,1,duplicate_service|malformed_service_date|premium_incorrectly_applied|unit_price_mismatch|volume_discount_incorrectly_applied|wrong_unit_basis,3975488,3951859,0.6833
INV-H5-000118,0,,2388510,2388510,0.9802
INV-H5-000119,0,,1348026,1348026,0.9826
INV-H5-000120,0,,4887416,4887416,0.9753
INV-H5-000121,0,,1266541,1266541,0.9669
INV-H5-000122,0,,959841,959841,0.6609
INV-H5-000123,0,,4309429,4309429,0.6825
INV-H5-000124,0,,5538192,5538192,0.9803
INV-H5-000125,0,,2107475,2107475,0.9768
INV-H5-000126,0,,2992540,2992540,0.9696
INV-H5-000127,0,,5601683,5601683,0.9584
INV-H5-000128,0,,1094027,1094027,0.6626
INV-H5-000129,0,,2897009,2897009,0.6864
INV-H5-000130,0,,3938158,3938158,0.6909
INV-H5-000131,0,,2360933,2360933,0.6851
INV-H5-000132,1,premium_incorrectly_applied|unit_price_mismatch,2395988,2477518,0.9632
INV-H5-000133,0,,3166443,3166443,0.9645
INV-H5-000134,0,,965478,965478,0.9589
INV-H5-000135,0,,2186524,2186524,0.9826
INV-H5-000136,0,,1745497,1745497,0.9894
INV-H5-000137,0,,4432064,4432064,0.6863
INV-H5-000138,0,,1443715,1443715,0.6498
INV-H5-000139,0,,2495956,2495956,0.6823
INV-H5-000140,0,,3331663,3331663,0.9650
INV-H5-000141,0,,2430635,2430635,0.6796
INV-H5-000142,0,,1393263,1393263,0.9540
INV-H5-000143,0,,5853254,5853254,0.9573
INV-H5-000144,0,,1840587,1840587,0.9573
INV-H5-000145,0,,2342674,2342674,0.9696
INV-H5-000146,0,,2603965,2603965,0.9203
INV-H5-000147,1,contract_number_mismatch|line_total_arithmetic|unit_price_mismatch|volume_discount_omitted,1011781,1032581,0.9759
INV-H5-000148,0,,3708048,3708048,0.9656
INV-H5-000149,0,,1192595,1192595,0.9682
INV-H5-000150,0,,5213628,5213628,0.9738
INV-H5-000151,0,,1819366,1819366,0.9438
INV-H5-000152,0,,979169,979169,0.9684
INV-H5-000153,0,,1299283,1299283,0.9342
INV-H5-000154,0,,1217400,1217400,0.9865
INV-H5-000155,0,,2042963,2042963,0.9825
INV-H5-000156,0,,5230865,5230865,0.6929
INV-H5-000157,0,,989403,989403,0.9517
INV-H5-000158,0,,5073740,5073740,0.9882
INV-H5-000159,0,,5851546,5851546,0.9803
INV-H5-000160,1,invoice_total_mismatch|premium_incorrectly_applied|unit_price_mismatch|volume_discount_incorrectly_applied,2546019,2410731,0.9863
INV-H5-000161,0,,2781086,2781086,0.9675
INV-H5-000162,0,,3502745,3502745,0.9611
INV-H5-000163,1,premium_incorrectly_applied|unit_price_mismatch|volume_discount_omitted,2631581,2638415,0.9549
INV-H5-000164,1,daily_cap_exceeded,4988191,5782441,0.9682
INV-H5-000165,0,,5201663,5201663,0.6924
INV-H5-000166,0,,2295203,2295203,0.9765
INV-H5-000167,0,,1958396,1958396,0.6765
INV-H5-000168,0,,492371,492371,0.9300
INV-H5-000169,0,,1528372,1528372,0.9611
INV-H5-000170,1,cross_invoice_duplicate|duplicate_invoice_id|invoice_total_mismatch|premium_incorrectly_applied|unit_price_mismatch|volume_discount_incorrectly_applied|volume_discount_omitted,5254341,2575249,0.9781
INV-H5-000171,1,invoice_total_mismatch|premium_incorrectly_applied|unit_price_mismatch|unknown_service,2830349,2939365,0.6410
INV-H5-000172,0,,2060957,2060957,0.6856
INV-H5-000173,0,,4368712,4368712,0.9630
INV-H5-000174,0,,4402790,4402790,0.6741
INV-H5-000175,0,,6441555,6441555,0.6802
INV-H5-000176,0,,754959,754959,0.9469
INV-H5-000177,0,,2431314,2431314,0.6879
INV-H5-000178,0,,1341779,1341779,0.9598
INV-H5-000179,0,,2959931,2959931,0.9704
INV-H5-000180,0,,5114274,5114274,0.9849
INV-H5-000181,0,,1943470,1943470,0.9760
INV-H5-000182,0,,2723846,2723846,0.9564
INV-H5-000183,0,,611744,611744,0.9442
INV-H5-000184,0,,5973165,5973165,0.9767
INV-H5-000185,0,,2144815,2144815,0.9777
INV-H5-000186,0,,4871808,4871808,0.6914
INV-H5-000187,0,,1696206,1696206,0.9669
INV-H5-000188,0,,2467403,2467403,0.9806
INV-H5-000189,0,,5210763,5210763,0.9639
INV-H5-000190,1,daily_cap_exceeded|invoice_total_mismatch|malformed_service_date,3606599,3594469,0.9856
INV-H5-000191,0,,2828264,2828264,0.9605
INV-H5-000192,0,,2729723,2729723,0.6776
INV-H5-000193,0,,1192291,1192291,0.9808
INV-H5-000194,0,,1741926,1741926,0.9615
INV-H5-000195,0,,3622857,3622857,0.9746
INV-H5-000196,0,,4867719,4867719,0.6824
INV-H5-000197,1,premium_incorrectly_applied|unit_price_mismatch|volume_discount_incorrectly_applied,3398989,3362731,0.9677
INV-H5-000198,0,,3668272,3668272,0.6784
INV-H5-000199,0,,1913793,1913793,0.9885
INV-H5-000200,0,,3818816,3818816,0.9631
INV-H5-000201,0,,1948379,1948379,0.6862
INV-H5-000202,0,,1559673,1559673,0.9321
INV-H5-000203,0,,3676902,3676902,0.9652
INV-H5-000204,0,,2237067,2237067,0.9709
INV-H5-000205,0,,4549107,4549107,0.9611
INV-H5-000206,0,,2432220,2432220,0.9466
INV-H5-000207,0,,1690030,1690030,0.9671
INV-H5-000208,0,,1467080,1467080,0.9502
INV-H5-000209,1,contract_number_mismatch|premium_incorrectly_applied|unit_price_mismatch|volume_discount_incorrectly_applied,3398511,2696117,0.6582
INV-H5-000210,0,,2003693,2003693,0.6548
INV-H5-000211,0,,476248,476248,0.9787
INV-H5-000212,0,,1700233,1700233,0.9843
INV-H5-000213,0,,2219209,2219209,0.9756
INV-H5-000214,0,,3483665,3483665,0.9748
INV-H5-000215,1,contract_number_mismatch|line_total_arithmetic|wrong_unit_basis,3637056,3612056,0.9516
INV-H5-000216,0,,4189160,4189160,0.9738
INV-H5-000217,0,,2739145,2739145,0.9806
INV-H5-000218,0,,2324118,2324118,0.9655
INV-H5-000219,0,,2291335,2291335,0.9872
INV-H5-000220,1,exclusion_window_violation|unit_price_mismatch|volume_discount_incorrectly_applied,1446461,1458910,0.9757
INV-H5-000221,0,,1252228,1252228,0.9759
INV-H5-000222,0,,2145806,2145806,0.9309
INV-H5-000223,0,,3641448,3641448,0.9814
INV-H5-000224,1,malformed_service_date,4711155,4711155,0.9648
INV-H5-000225,0,,2353133,2353133,0.6776
INV-H5-000226,0,,4310326,4310326,0.9665
INV-H5-000227,0,,2996772,2996772,0.9636
INV-H5-000228,0,,1674950,1674950,0.9855
INV-H5-000229,0,,2525002,2525002,0.6862
INV-H5-000230,0,,2166107,2166107,0.6890
INV-H5-000231,0,,2501336,2501336,0.6512
INV-H5-000233,0,,2668108,2668108,0.9805
INV-H5-000234,0,,2702803,2702803,0.9589
INV-H5-000235,0,,2739452,2739452,0.9731
INV-H5-000236,1,premium_incorrectly_applied|unit_price_mismatch|volume_discount_incorrectly_applied|volume_discount_omitted,6667569,6611716,0.9460
INV-H5-000237,0,,4095315,4095315,0.9679
INV-H5-000238,0,,3804326,3804326,0.9551
INV-H5-000239,0,,1978606,1978606,0.9723
INV-H5-000240,0,,2668238,2668238,0.9815
INV-H5-000241,0,,791180,791180,0.9550
INV-H5-000242,0,,2273469,2273469,0.9790
INV-H5-000243,0,,1460165,1460165,0.9811
INV-H5-000244,0,,2297415,2297415,0.6593
INV-H5-000245,0,,1891041,1891041,0.9579
INV-H5-000246,0,,3442900,3442900,0.9534
INV-H5-000247,0,,3428439,3428439,0.6841
INV-H5-000248,0,,5428929,5428929,0.6804
INV-H5-000249,0,,5021850,5021850,0.9630
INV-H5-000250,0,,1189113,1189113,0.9850
INV-H5-000251,0,,2064773,2064773,0.9745
INV-H5-000252,0,,3096373,3096373,0.9531
INV-H5-000253,0,,1356969,1356969,0.9881
INV-H5-000254,0,,5769185,5769185,0.6810
INV-H5-000255,0,,3813029,3813029,0.6904
INV-H5-000256,0,,2929364,2929364,0.9450
INV-H5-000257,0,,1942973,1942973,0.9695
INV-H5-000258,0,,2362807,2362807,0.6773
INV-H5-000259,0,,1748709,1748709,0.9663
INV-H5-000260,1,contract_number_mismatch|duplicate_invoice_id|invoice_total_mismatch|premium_incorrectly_applied|unit_price_mismatch|volume_discount_incorrectly_applied|volume_discount_omitted,4907550,3972024,0.9758
INV-H5-000261,0,,3350268,3350268,0.6872
INV-H5-000262,0,,1744920,1744920,0.9889
INV-H5-000264,0,,3724362,3724362,0.9656
INV-H5-000265,0,,5411328,5411328,0.9623
INV-H5-000266,0,,1350486,1350486,0.6733
INV-H5-000267,0,,1369334,1369334,0.9577
INV-H5-000268,0,,2965443,2965443,0.6791
INV-H5-000269,0,,1695975,1695975,0.9671
INV-H5-000270,0,,3541967,3541967,0.6765
INV-H5-000271,0,,3460030,3460030,0.6763
INV-H5-000272,0,,3664101,3664101,0.9780
INV-H5-000273,0,,1406332,1406332,0.9884
INV-H5-000274,0,,2399839,2399839,0.9427
INV-H5-000275,0,,1848095,1848095,0.9699
INV-H5-000276,0,,3189413,3189413,0.6618
INV-H5-000277,0,,1806405,1806405,0.6636
INV-H5-000278,0,,2230836,2230836,0.9888
INV-H5-000279,0,,2927000,2927000,0.9484
INV-H5-000280,0,,1908057,1908057,0.9772
INV-H5-000281,0,,2211040,2211040,0.9541
INV-H5-000282,0,,1528923,1528923,0.9499
INV-H5-000283,0,,2961850,2961850,0.9634
INV-H5-000284,0,,3061986,3061986,0.9827
INV-H5-000285,1,line_total_arithmetic,2975929,2974929,0.9678
INV-H5-000286,0,,4767432,4767432,0.9510
INV-H5-000287,0,,3476965,3476965,0.9435
INV-H5-000288,0,,1491262,1491262,0.9737
INV-H5-000289,1,invoice_total_mismatch,2941899,3041899,0.9515
INV-H5-000290,0,,2034423,2034423,0.9424
INV-H5-000291,0,,2059007,2059007,0.9770
INV-H5-000292,0,,764510,764510,0.9620
INV-H5-000293,0,,4026843,4026843,0.9711
INV-H5-000294,1,premium_incorrectly_applied|unit_price_mismatch|wrong_unit_basis,902439,928839,0.6269
INV-H5-000295,0,,3107443,3107443,0.6867
INV-H5-000296,0,,4052077,4052077,0.6897
INV-H5-000297,1,exclusion_window_violation,4405777,4565827,0.9809
INV-H5-000298,1,contract_number_mismatch|premium_incorrectly_applied|unit_price_mismatch|volume_discount_omitted,968734,956734,0.9636
INV-H5-000299,0,,3298925,3298925,0.9759
INV-H5-000300,0,,2088249,2088249,0.9738
INV-H5-000301,0,,3475129,3475129,0.9717
INV-H5-000302,0,,704292,704292,0.9322
INV-H5-000303,0,,2917273,2917273,0.9518
INV-H5-000304,0,,3621408,3621408,0.9707
INV-H5-000305,0,,1581412,1581412,0.9742
INV-H5-000306,0,,1577419,1577419,0.9740
INV-H5-000307,0,,5262100,5262100,0.6753
INV-H5-000308,0,,907155,907155,0.9870
INV-H5-000309,0,,1074118,1074118,0.9738
INV-H5-000310,0,,700952,700952,0.9712
INV-H5-000311,1,cross_invoice_duplicate|duplicate_invoice_id|invoice_total_mismatch|premium_incorrectly_applied|service_date_out_of_window|unit_price_mismatch|volume_discount_incorrectly_applied|volume_discount_omitted,6049148,3119824,0.6921
INV-H5-000312,1,premium_incorrectly_applied|unit_price_mismatch|volume_discount_incorrectly_applied|wrong_unit_basis,4100293,4120545,0.6827
INV-H5-000313,0,,3839281,3839281,0.9551
INV-H5-000314,0,,2037793,2037793,0.9683
INV-H5-000315,0,,1174395,1174395,0.9673
INV-H5-000316,0,,6024728,6024728,0.9704
INV-H5-000317,0,,1332114,1332114,0.9536
INV-H5-000318,0,,4906000,4906000,0.9721
INV-H5-000319,0,,4256100,4256100,0.6927
INV-H5-000320,0,,3560326,3560326,0.9676
INV-H5-000321,0,,3868727,3868727,0.9825
INV-H5-000322,0,,5509273,5509273,0.6850
INV-H5-000323,0,,3550307,3550307,0.9708
INV-H5-000324,0,,3902891,3902891,0.6798
INV-H5-000325,0,,3864194,3864194,0.9837
INV-H5-000326,0,,1433261,1433261,0.9894
INV-H5-000327,0,,2083022,2083022,0.6783
INV-H5-000328,0,,1990887,1990887,0.6821
INV-H5-000329,0,,794948,794948,0.9504
INV-H5-000330,0,,2322164,2322164,0.9562
INV-H5-000331,0,,3538508,3538508,0.9526
INV-H5-000332,0,,2932419,2932419,0.9826
INV-H5-000333,0,,1878972,1878972,0.9854
INV-H5-000334,0,,875016,875016,0.9808
INV-H5-000335,0,,3652120,3652120,0.9571
INV-H5-000336,0,,4947817,4947817,0.6827
INV-H5-000337,0,,2988373,2988373,0.6667
INV-H5-000338,0,,4327391,4327391,0.6829
INV-H5-000339,0,,4928549,4928549,0.9782
INV-H5-000340,0,,934866,934866,0.6199
INV-H5-000341,0,,3555714,3555714,0.9835
INV-H5-000342,0,,2884665,2884665,0.9492
INV-H5-000343,1,exclusion_window_violation|service_date_after_invoice_date,4020840,4063434,0.9799
INV-H5-000344,0,,539985,539985,0.9764
INV-H5-000345,0,,4151303,4151303,0.9837
INV-H5-000346,0,,2052053,2052053,0.9606
INV-H5-000347,0,,4171139,4171139,0.9519
INV-H5-000348,0,,5280703,5280703,0.6923
INV-H5-000349,0,,4511786,4511786,0.9616
INV-H5-000350,0,,1917209,1917209,0.9347
INV-H5-000351,0,,1975300,1975300,0.9730
INV-H5-000352,0,,1195677,1195677,0.9723
INV-H5-000353,0,,772183,772183,0.9757
INV-H5-000354,0,,4271681,4271681,0.9601
INV-H5-000355,0,,1595954,1595954,0.9870
INV-H5-000356,0,,4729496,4729496,0.6876
INV-H5-000357,0,,3083636,3083636,0.9863
INV-H5-000358,1,premium_incorrectly_applied|service_date_after_invoice_date|service_date_out_of_window|unit_price_mismatch|volume_discount_incorrectly_applied|wrong_unit_basis,5429724,4844844,0.6803
INV-H5-000359,0,,2329645,2329645,0.9875
INV-H5-000360,0,,2446298,2446298,0.9709
INV-H5-000361,0,,2865698,2865698,0.9640
INV-H5-000362,0,,5358295,5358295,0.6826
INV-H5-000364,0,,5003739,5003739,0.9569
INV-H5-000365,0,,3035743,3035743,0.9790
INV-H5-000366,0,,3151156,3151156,0.6880
INV-H5-000367,0,,2892582,2892582,0.9794
INV-H5-000368,0,,1677795,1677795,0.9739
INV-H5-000369,0,,2498398,2498398,0.9602
INV-H5-000370,0,,1113454,1113454,0.9696
INV-H5-000371,0,,3784173,3784173,0.6922
INV-H5-000372,0,,1813808,1813808,0.9561
INV-H5-000373,0,,3442762,3442762,0.9806
INV-H5-000374,1,premium_incorrectly_applied|service_date_out_of_window|unit_price_mismatch|volume_discount_omitted,1736363,1758016,0.9838
INV-H5-000375,1,duplicate_invoice_id|invoice_total_mismatch|premium_incorrectly_applied|unit_price_mismatch|volume_discount_omitted|wrong_unit_basis,5413859,2696113,0.9787
INV-H5-000376,0,,638188,638188,0.9771
INV-H5-000377,0,,2943896,2943896,0.9824
INV-H5-000378,0,,1324122,1324122,0.9686
INV-H5-000379,0,,4033858,4033858,0.9677
INV-H5-000380,0,,3549681,3549681,0.9725
INV-H5-000381,0,,1900441,1900441,0.9430
INV-H5-000382,0,,2598821,2598821,0.9523
INV-H5-000383,0,,2147363,2147363,0.6752
INV-H5-000384,0,,2137955,2137955,0.6816
INV-H5-000385,0,,3092311,3092311,0.9600
INV-H5-000386,0,,1348868,1348868,0.9329
INV-H5-000387,0,,598952,598952,0.9594
INV-H5-000388,1,malformed_service_date|premium_incorrectly_applied|service_date_after_invoice_date|unit_price_mismatch|volume_discount_incorrectly_applied,3880992,3876375,0.9618
INV-H5-000389,0,,1503259,1503259,0.9768
INV-H5-000390,0,,1587465,1587465,0.9686
INV-H5-000391,0,,1656621,1656621,0.9565
INV-H5-000392,0,,1415709,1415709,0.9574
INV-H5-000393,0,,2915305,2915305,0.9873
INV-H5-000394,0,,3998209,3998209,0.9734
INV-H5-000395,0,,3365482,3365482,0.6690
INV-H5-000396,0,,2695206,2695206,0.9641
INV-H5-000397,0,,3038410,3038410,0.9559
INV-H5-000398,0,,3650033,3650033,0.9685
INV-H5-000399,0,,1423387,1423387,0.9872
INV-H5-000400,0,,2192481,2192481,0.9415
INV-H5-000401,0,,2009580,2009580,0.9861
INV-H5-000402,0,,3606411,3606411,0.9722
INV-H5-000403,0,,549491,549491,0.9794
INV-H5-000404,1,premium_incorrectly_applied|service_date_after_invoice_date|unit_price_mismatch,3063222,3083025,0.9745
INV-H5-000405,0,,1858506,1858506,0.9768
INV-H5-000406,0,,1754690,1754690,0.9801
INV-H5-000407,0,,3327671,3327671,0.9737
INV-H5-000408,0,,1706598,1706598,0.9797
INV-H5-000409,0,,3260932,3260932,0.9822
INV-H5-000410,0,,1187959,1187959,0.6589
INV-H5-000411,0,,3861937,3861937,0.9693
INV-H5-000412,0,,2936836,2936836,0.9667
INV-H5-000413,0,,2342129,2342129,0.9799
INV-H5-000414,0,,973280,973280,0.9631
INV-H5-000415,0,,2020731,2020731,0.9703
INV-H5-000416,0,,1741622,1741622,0.9418
INV-H5-000417,0,,3478865,3478865,0.6891
INV-H5-000418,0,,3156769,3156769,0.9826
INV-H5-000419,0,,5451849,5451849,0.9655
INV-H5-000420,0,,3452118,3452118,0.9765
INV-H5-000421,0,,2923542,2923542,0.9782
INV-H5-000422,0,,1818018,1818018,0.9690
INV-H5-000423,0,,2376651,2376651,0.9559
INV-H5-000424,0,,3923083,3923083,0.9730
INV-H5-000425,0,,2590621,2590621,0.9588
INV-H5-000426,0,,1148017,1148017,0.9770
INV-H5-000427,0,,4185106,4185106,0.9665
INV-H5-000428,0,,3575074,3575074,0.9692
INV-H5-000429,1,bundle_not_applied|malformed_service_date|premium_incorrectly_applied|unit_price_mismatch|volume_discount_incorrectly_applied,2984741,3144051,0.6824
INV-H5-000430,0,,2468285,2468285,0.9585
INV-H5-000431,0,,1847740,1847740,0.9892
INV-H5-000432,0,,1423759,1423759,0.9708
INV-H5-000433,0,,1378438,1378438,0.9890
INV-H5-000434,0,,1224708,1224708,0.9589
INV-H5-000435,0,,3182849,3182849,0.9777
INV-H5-000436,0,,3124293,3124293,0.9701
INV-H5-000437,0,,2193462,2193462,0.9845
INV-H5-000438,0,,6536745,6536745,0.9666
INV-H5-000439,0,,4289088,4289088,0.9657
INV-H5-000440,0,,3082893,3082893,0.9648
INV-H5-000441,0,,5312398,5312398,0.9663
INV-H5-000442,0,,1468090,1468090,0.9856
INV-H5-000443,0,,3416774,3416774,0.9798
INV-H5-000444,0,,3449162,3449162,0.9828
INV-H5-000445,0,,3186395,3186395,0.9679
INV-H5-000446,0,,3707535,3707535,0.9585
INV-H5-000447,0,,2680063,2680063,0.9808
INV-H5-000448,1,premium_incorrectly_applied|unit_price_mismatch|volume_discount_incorrectly_applied,4381255,4382042,0.6829
INV-H5-000449,0,,945432,945432,0.9525
INV-H5-000450,0,,3034681,3034681,0.9745
INV-H5-000451,0,,4866518,4866518,0.9637
INV-H5-000452,0,,761027,761027,0.9799
INV-H5-000453,0,,3086762,3086762,0.6930
INV-H5-000454,0,,2336688,2336688,0.6947
INV-H5-000455,0,,2636163,2636163,0.9803
INV-H5-000456,0,,1996640,1996640,0.9535
INV-H5-000457,0,,4014363,4014363,0.9811
INV-H5-000458,0,,2050198,2050198,0.9796
INV-H5-000459,0,,929383,929383,0.9856
INV-H5-000460,0,,2922530,2922530,0.9855
INV-H5-000461,0,,1241642,1241642,0.9619
INV-H5-000462,0,,4367829,4367829,0.9519
INV-H5-000463,0,,2680893,2680893,0.6805
INV-H5-000464,1,premium_incorrectly_applied|unit_price_mismatch,2165415,2358301,0.9595
INV-H5-000465,0,,1735876,1735876,0.9880
INV-H5-000466,0,,4073350,4073350,0.6742
INV-H5-000467,0,,1822769,1822769,0.9837
INV-H5-000468,0,,2334050,2334050,0.9698
INV-H5-000469,0,,3440745,3440745,0.9746
INV-H5-000470,0,,2367351,2367351,0.9505
INV-H5-000471,0,,2992013,2992013,0.9757
INV-H5-000472,0,,3238780,3238780,0.9669
INV-H5-000473,0,,1685668,1685668,0.9874
INV-H5-000474,0,,2909191,2909191,0.9808
INV-H5-000475,0,,1074464,1074464,0.9845
INV-H5-000476,0,,1109760,1109760,0.9637
INV-H5-000477,0,,2007448,2007448,0.9687
INV-H5-000478,0,,3256708,3256708,0.6905
INV-H5-000479,0,,4005762,4005762,0.9698
INV-H5-000480,0,,3566947,3566947,0.9690
INV-H5-000481,0,,3633873,3633873,0.9732
INV-H5-000482,0,,945245,945245,0.6370
INV-H5-000483,0,,4173702,4173702,0.6899
INV-H5-000484,1,premium_incorrectly_applied|unit_price_mismatch|volume_discount_omitted,1145971,1305451,0.9813
INV-H5-000485,0,,4221828,4221828,0.6867
INV-H5-000486,0,,6022833,6022833,0.6854
INV-H5-000487,0,,3433738,3433738,0.9461
INV-H5-000488,0,,1455221,1455221,0.9541
INV-H5-000489,1,malformed_service_date|premium_incorrectly_applied|unit_price_mismatch|wrong_unit_basis,674670,688830,0.9859
INV-H5-000490,0,,4446598,4446598,0.9634
INV-H5-000491,0,,911621,911621,0.9615
INV-H5-000492,1,premium_incorrectly_applied|service_date_after_invoice_date|unit_price_mismatch|volume_discount_incorrectly_applied,4235160,4256473,0.9385
INV-H5-000493,0,,5104874,5104874,0.6788
INV-H5-000494,0,,3074023,3074023,0.9628
INV-H5-000495,0,,3117493,3117493,0.6816
INV-H5-000496,0,,2879922,2879922,0.9736
INV-H5-000497,0,,2455916,2455916,0.9594
INV-H5-000498,0,,3700163,3700163,0.9677
INV-H5-000499,0,,598841,598841,0.6514
INV-H5-000500,0,,2632901,2632901,0.9694
INV-H5-000501,0,,1513602,1513602,0.9827
INV-H5-000502,0,,2572580,2572580,0.9813
INV-H5-000503,0,,1457770,1457770,0.9840
INV-H5-000504,0,,2419719,2419719,0.9579
INV-H5-000505,0,,1570501,1570501,0.6672
INV-H5-000506,0,,3050833,3050833,0.9730
INV-H5-000507,0,,1851981,1851981,0.9702
INV-H5-000508,0,,1470692,1470692,0.9816
INV-H5-000509,0,,2703277,2703277,0.9608
INV-H5-000510,0,,3551089,3551089,0.9762
INV-H5-000511,0,,1628661,1628661,0.9589
INV-H5-000512,0,,2568341,2568341,0.9821
INV-H5-000513,0,,3041283,3041283,0.9726
INV-H5-000514,0,,3544922,3544922,0.9719
INV-H5-000515,0,,1577341,1577341,0.9601
INV-H5-000516,0,,4353279,4353279,0.9760
INV-H5-000517,0,,2245747,2245747,0.9675
INV-H5-000518,0,,1367901,1367901,0.9819
INV-H5-000519,0,,2278061,2278061,0.6679
INV-H5-000520,1,exclusion_window_violation|unit_price_mismatch,731409,914819,0.9528
INV-H5-000521,0,,4705100,4705100,0.9720
INV-H5-000522,0,,2187399,2187399,0.9647
INV-H5-000523,0,,2610276,2610276,0.9849
INV-H5-000524,0,,2482144,2482144,0.9764
INV-H5-000525,0,,2862739,2862739,0.6904
INV-H5-000526,0,,2350463,2350463,0.9782
INV-H5-000527,0,,899793,899793,0.9827
INV-H5-000528,0,,2608040,2608040,0.9515
INV-H5-000529,0,,2529372,2529372,0.9817
INV-H5-000530,0,,2127626,2127626,0.6656
INV-H5-000531,0,,4205716,4205716,0.6847
INV-H5-000532,0,,1643101,1643101,0.9475
INV-H5-000533,0,,1538575,1538575,0.9449
INV-H5-000534,0,,5819338,5819338,0.6781
INV-H5-000535,0,,3226799,3226799,0.9712
INV-H5-000536,0,,2500535,2500535,0.9843
INV-H5-000537,0,,1674454,1674454,0.9786
INV-H5-000538,0,,4592044,4592044,0.9672
INV-H5-000539,1,cross_invoice_duplicate|unit_price_mismatch|volume_discount_incorrectly_applied|wrong_unit_basis,5154021,5191731,0.9754
INV-H5-000540,0,,889650,889650,0.9779
INV-H5-000541,0,,1988320,1988320,0.6824
INV-H5-000542,0,,1712943,1712943,0.9876
INV-H5-000543,1,wrong_unit_basis,1342323,1342323,0.6124
INV-H5-000544,0,,2022208,2022208,0.9739
INV-H5-000545,0,,3459336,3459336,0.9731
INV-H5-000546,0,,1605164,1605164,0.9824
INV-H5-000547,0,,3531198,3531198,0.6830
INV-H5-000548,0,,3456905,3456905,0.9579
INV-H5-000549,0,,1257831,1257831,0.9691
INV-H5-000550,0,,5031102,5031102,0.9699
INV-H5-000551,1,premium_incorrectly_applied|unit_price_mismatch,3518577,3708098,0.6840
INV-H5-000552,0,,1333754,1333754,0.9848
INV-H5-000553,0,,1913374,1913374,0.9571
INV-H5-000554,0,,3434282,3434282,0.9510
INV-H5-000555,0,,1876770,1876770,0.9792
INV-H5-000556,0,,3188535,3188535,0.9673
INV-H5-000557,0,,2940365,2940365,0.9803
INV-H5-000558,0,,869563,869563,0.9593
INV-H5-000559,0,,3932186,3932186,0.6871
INV-H5-000560,0,,723751,723751,0.9439
INV-H5-000561,0,,3029462,3029462,0.6730
INV-H5-000562,0,,4192131,4192131,0.9727
INV-H5-000563,0,,2658546,2658546,0.9707
INV-H5-000564,0,,1103541,1103541,0.9731
INV-H5-000565,0,,2172269,2172269,0.6589
INV-H5-000566,0,,942798,942798,0.9319
INV-H5-000567,0,,2152638,2152638,0.9633
INV-H5-000568,0,,2250229,2250229,0.9678
INV-H5-000569,0,,7023280,7023280,0.9702
INV-H5-000570,0,,3899232,3899232,0.9755
INV-H5-000571,0,,906632,906632,0.9633
INV-H5-000572,0,,4563454,4563454,0.9791
INV-H5-000573,0,,1534116,1534116,0.9852
INV-H5-000574,1,premium_incorrectly_applied|service_date_out_of_window|unit_price_mismatch|volume_discount_incorrectly_applied|wrong_unit_basis,5387688,5517874,0.6935
INV-H5-000575,1,invoice_total_mismatch,1067381,1167381,0.9625
INV-H5-000576,0,,1995013,1995013,0.6708
INV-H5-000577,0,,3045963,3045963,0.6725
INV-H5-000578,0,,3099289,3099289,0.9790
INV-H5-000579,0,,999372,999372,0.6493
INV-H5-000580,0,,5763303,5763303,0.9712
INV-H5-000581,0,,4983046,4983046,0.9577
INV-H5-000582,0,,2427167,2427167,0.9632
INV-H5-000583,0,,997973,997973,0.9771
INV-H5-000584,0,,3776180,3776180,0.9562
INV-H5-000585,0,,2182615,2182615,0.9327
INV-H5-000586,0,,2736015,2736015,0.9834
INV-H5-000587,0,,3647489,3647489,0.9707
INV-H5-000588,0,,858942,858942,0.9824
INV-H5-000589,0,,1150933,1150933,0.9769
INV-H5-000590,0,,2502225,2502225,0.9691
INV-H5-000591,0,,1780442,1780442,0.9855
INV-H5-000592,0,,3714402,3714402,0.9500
INV-H5-000593,0,,1971033,1971033,0.9614
INV-H5-000594,0,,420930,420930,0.9692
INV-H5-000595,0,,921110,921110,0.9547
INV-H5-000596,0,,1411552,1411552,0.9690
INV-H5-000597,0,,5375354,5375354,0.6754
INV-H5-000598,0,,2297893,2297893,0.9597
INV-H5-000599,0,,4710156,4710156,0.6895
INV-H5-000600,0,,2256241,2256241,0.9480
INV-H5-000601,0,,979801,979801,0.9690
INV-H5-000602,0,,6125563,6125563,0.6726
INV-H5-000603,1,premium_incorrectly_applied|unit_price_mismatch|volume_discount_incorrectly_applied|wrong_unit_basis,3512983,3495789,0.9711
INV-H5-000604,0,,1168222,1168222,0.9456
INV-H5-000605,0,,2705558,2705558,0.9779
INV-H5-000606,0,,1717772,1717772,0.9735
INV-H5-000607,0,,4751967,4751967,0.9609
INV-H5-000608,0,,3039543,3039543,0.9698
INV-H5-000609,0,,2362109,2362109,0.9701
INV-H5-000610,0,,2557661,2557661,0.9683
INV-H5-000611,0,,2024008,2024008,0.6751
INV-H5-000612,0,,1089539,1089539,0.9889
INV-H5-000613,0,,3850896,3850896,0.9755
INV-H5-000614,0,,1017381,1017381,0.9865
INV-H5-000615,1,premium_incorrectly_applied|unit_price_mismatch|volume_discount_omitted,1674751,1726957,0.9428
INV-H5-000616,0,,3286614,3286614,0.9825
INV-H5-000617,0,,2792147,2792147,0.9679
INV-H5-000618,0,,1202960,1202960,0.9857
INV-H5-000619,0,,3213857,3213857,0.9623
INV-H5-000620,0,,6847291,6847291,0.9771
INV-H5-000621,0,,5603334,5603334,0.6863
INV-H5-000622,0,,3481987,3481987,0.9754
INV-H5-000623,0,,3728292,3728292,0.6702
INV-H5-000624,0,,5528868,5528868,0.6919
INV-H5-000625,0,,2278445,2278445,0.9741
INV-H5-000626,0,,2889111,2889111,0.9602
INV-H5-000627,0,,3647968,3647968,0.6741
INV-H5-000628,0,,3077117,3077117,0.9749
INV-H5-000629,1,line_total_arithmetic|service_date_after_invoice_date|service_date_out_of_window,3571311,3596311,0.6885
INV-H5-000630,0,,3025497,3025497,0.6416
INV-H5-000631,0,,1544323,1544323,0.9824
INV-H5-000632,0,,3170772,3170772,0.9423
INV-H5-000633,0,,1375413,1375413,0.9643
INV-H5-000634,0,,1129583,1129583,0.9623
INV-H5-000635,0,,4600721,4600721,0.9474
INV-H5-000636,0,,1615307,1615307,0.9625
INV-H5-000637,0,,1319879,1319879,0.9673
INV-H5-000638,0,,780437,780437,0.9743
INV-H5-000639,0,,5602433,5602433,0.6575
INV-H5-000640,0,,4143273,4143273,0.9433
INV-H5-000641,0,,2452741,2452741,0.9540
INV-H5-000642,0,,2686021,2686021,0.9675
INV-H5-000643,0,,935341,935341,0.9870
INV-H5-000644,0,,4207504,4207504,0.9621
INV-H5-000645,0,,2439423,2439423,0.9749
INV-H5-000646,0,,797825,797825,0.6687
INV-H5-000647,0,,2569143,2569143,0.9678
INV-H5-000648,0,,3996211,3996211,0.9603
INV-H5-000649,0,,2156633,2156633,0.9607
INV-H5-000651,0,,1122221,1122221,0.9730
INV-H5-000652,0,,4256235,4256235,0.9681
INV-H5-000653,0,,2987599,2987599,0.9676
INV-H5-000654,0,,3017547,3017547,0.9484
INV-H5-000655,0,,441786,441786,0.9267
INV-H5-000656,0,,4704119,4704119,0.9749
INV-H5-000657,0,,3026074,3026074,0.9735
INV-H5-000658,0,,3424234,3424234,0.9696
INV-H5-000659,0,,4167319,4167319,0.9715
INV-H5-000660,0,,4607479,4607479,0.9719
INV-H5-000661,0,,4567534,4567534,0.6876
INV-H5-000662,0,,2911686,2911686,0.6663
INV-H5-000663,0,,3452561,3452561,0.9496
INV-H5-000664,0,,3475339,3475339,0.9747
INV-H5-000665,0,,2386112,2386112,0.6788
INV-H5-000666,0,,1068351,1068351,0.9562
INV-H5-000667,0,,2287939,2287939,0.9447
INV-H5-000668,0,,1192278,1192278,0.9799
INV-H5-000669,0,,2121061,2121061,0.6777
INV-H5-000670,0,,1463878,1463878,0.9487
INV-H5-000671,0,,2959062,2959062,0.9747
INV-H5-000672,0,,1374286,1374286,0.9409
INV-H5-000673,0,,4505316,4505316,0.9719
INV-H5-000674,0,,4042207,4042207,0.9769
INV-H5-000675,0,,3275579,3275579,0.9463
INV-H5-000676,0,,5671487,5671487,0.9744
INV-H5-000677,0,,4755445,4755445,0.6872
INV-H5-000678,0,,3458106,3458106,0.6839
INV-H5-000679,0,,871701,871701,0.9840
INV-H5-000680,1,premium_incorrectly_applied|service_date_after_invoice_date|unit_price_mismatch,5941719,6010657,0.9727
INV-H5-000681,0,,2544026,2544026,0.9615
INV-H5-000682,0,,4382733,4382733,0.9771
INV-H5-000683,0,,4967450,4967450,0.9667
INV-H5-000684,0,,4175495,4175495,0.6913
INV-H5-000685,0,,2793436,2793436,0.9803
INV-H5-000686,0,,2287616,2287616,0.9797
INV-H5-000687,0,,3121667,3121667,0.9657
INV-H5-000688,0,,2362572,2362572,0.9733
INV-H5-000689,0,,3521008,3521008,0.9814
INV-H5-000690,0,,4146073,4146073,0.9839
INV-H5-000691,0,,2280369,2280369,0.6846
INV-H5-000692,0,,739924,739924,0.9744
INV-H5-000693,0,,3031724,3031724,0.9717
INV-H5-000694,0,,5118910,5118910,0.9530
INV-H5-000695,0,,951175,951175,0.9870
INV-H5-000696,0,,443289,443289,0.9705
INV-H5-000697,0,,3326538,3326538,0.9735
INV-H5-000698,0,,2764318,2764318,0.9777
INV-H5-000699,0,,1965404,1965404,0.9714
INV-H5-000700,0,,3707563,3707563,0.9836
INV-H5-000701,0,,3626931,3626931,0.9554
INV-H5-000702,0,,1859589,1859589,0.6808
INV-H5-000703,0,,3173652,3173652,0.9774
INV-H5-000704,0,,1526203,1526203,0.9660
INV-H5-000705,0,,1978038,1978038,0.9347
INV-H5-000706,0,,1836000,1836000,0.9641
INV-H5-000707,0,,1354487,1354487,0.9867
INV-H5-000708,0,,2051938,2051938,0.9758
INV-H5-000709,0,,4153935,4153935,0.9706
INV-H5-000710,0,,1388508,1388508,0.9318
INV-H5-000711,0,,4984521,4984521,0.6708
INV-H5-000712,0,,2986152,2986152,0.6610
INV-H5-000713,0,,913625,913625,0.9435
INV-H5-000714,0,,809557,809557,0.9613
INV-H5-000715,0,,7252548,7252548,0.9752
INV-H5-000716,0,,1943044,1943044,0.9571
INV-H5-000717,0,,6000607,6000607,0.9642
INV-H5-000718,0,,2555240,2555240,0.9569
INV-H5-000719,0,,3060918,3060918,0.6832
INV-H5-000720,0,,6213572,6213572,0.6729
INV-H5-000721,0,,4148962,4148962,0.9660
INV-H5-000722,0,,1827885,1827885,0.9711
INV-H5-000723,0,,1416098,1416098,0.6566
INV-H5-000724,0,,2813464,2813464,0.9634
INV-H5-000725,0,,4234755,4234755,0.9499
INV-H5-000726,1,daily_cap_exceeded,4314277,4333302,0.9750
INV-H5-000727,0,,2326874,2326874,0.9768
INV-H5-000728,0,,2103207,2103207,0.9676
INV-H5-000729,0,,1539227,1539227,0.6390
INV-H5-000730,0,,3975905,3975905,0.9744
INV-H5-000731,0,,4644014,4644014,0.6886
INV-H5-000732,0,,3509492,3509492,0.9834
INV-H5-000733,0,,2697217,2697217,0.6847
INV-H5-000734,0,,831599,831599,0.6624
INV-H5-000735,0,,3490346,3490346,0.6933
INV-H5-000736,0,,2427234,2427234,0.9484
INV-H5-000737,0,,3758182,3758182,0.9658
INV-H5-000738,0,,4643585,4643585,0.9711
INV-H5-000739,0,,2200716,2200716,0.9703
INV-H5-000740,0,,4658729,4658729,0.6884
INV-H5-000741,0,,4436600,4436600,0.6826
INV-H5-000742,0,,3877200,3877200,0.6787
INV-H5-000743,0,,4139044,4139044,0.6839
INV-H5-000744,0,,1888052,1888052,0.6782
INV-H5-000745,0,,915730,915730,0.9633
INV-H5-000746,1,premium_incorrectly_applied|unit_price_mismatch|volume_discount_omitted,1454566,1518806,0.6673
INV-H5-000747,0,,3892637,3892637,0.9846
INV-H5-000748,0,,1784699,1784699,0.9575
INV-H5-000749,1,daily_cap_exceeded|unknown_service,1824859,1840074,0.6619
INV-H5-000750,0,,916379,916379,0.6544
INV-H5-000751,1,daily_cap_exceeded|malformed_service_date,2425981,2434281,0.9630
INV-H5-000752,1,exclusion_window_violation|unit_price_mismatch,3457194,3515920,0.9592
INV-H5-000753,0,,5223986,5223986,0.9815
INV-H5-000754,0,,686754,686754,0.9841
INV-H5-000755,0,,4521391,4521391,0.9705
INV-H5-000756,0,,3690315,3690315,0.9412
INV-H5-000757,0,,3684465,3684465,0.6961
INV-H5-000758,0,,3052106,3052106,0.9713
INV-H5-000759,1,cross_invoice_duplicate|premium_incorrectly_applied|unit_price_mismatch,4066798,4212186,0.9643
INV-H5-000760,0,,1618163,1618163,0.9706
INV-H5-000761,0,,3145400,3145400,0.9689
INV-H5-000762,0,,3265070,3265070,0.9723
INV-H5-000763,0,,4350122,4350122,0.9532
INV-H5-000764,0,,3203151,3203151,0.9552
INV-H5-000765,0,,1233208,1233208,0.9484
INV-H5-000766,0,,3236206,3236206,0.6824
INV-H5-000767,0,,2849557,2849557,0.9716
INV-H5-000768,0,,4798940,4798940,0.6788
INV-H5-000769,0,,2675819,2675819,0.9757
INV-H5-000770,0,,1340803,1340803,0.9621
INV-H5-000771,0,,4783261,4783261,0.6913
INV-H5-000772,0,,2791902,2791902,0.9610
INV-H5-000773,0,,1366953,1366953,0.9749
INV-H5-000774,0,,416832,416832,0.9851
INV-H5-000775,0,,1705032,1705032,0.9779
INV-H5-000776,0,,1809975,1809975,0.9857
INV-H5-000777,0,,3286660,3286660,0.6736
INV-H5-000778,0,,3267335,3267335,0.9650
INV-H5-000779,0,,2261941,2261941,0.9444
INV-H5-000780,0,,4160331,4160331,0.9749
INV-H5-000781,0,,1036414,1036414,0.6670
INV-H5-000782,0,,4194409,4194409,0.6737
INV-H5-000783,0,,2487159,2487159,0.9446
INV-H5-000784,0,,471266,471266,0.6147
INV-H5-000785,0,,2995078,2995078,0.9654
INV-H5-000786,0,,3887015,3887015,0.9717
INV-H5-000787,1,unknown_service,4057705,4057705,0.6826
INV-H5-000788,0,,4814493,4814493,0.6871
INV-H5-000789,0,,2688188,2688188,0.9716
INV-H5-000790,0,,2222551,2222551,0.9790
INV-H5-000791,0,,2409561,2409561,0.9604
INV-H5-000792,0,,4177525,4177525,0.6654
INV-H5-000793,0,,4412134,4412134,0.9526
INV-H5-000794,0,,2176531,2176531,0.9603
INV-H5-000795,0,,4861790,4861790,0.6626
INV-H5-000796,0,,1614519,1614519,0.9642
INV-H5-000797,0,,1157947,1157947,0.9757
INV-H5-000798,0,,5387029,5387029,0.9814
INV-H5-000799,1,contract_number_mismatch|service_date_after_invoice_date|service_date_out_of_window|wrong_unit_basis,2145842,2145842,0.9776
INV-H5-000800,0,,2358586,2358586,0.9705
INV-H5-000801,0,,3032292,3032292,0.9751
INV-H5-000802,0,,3372021,3372021,0.9676
INV-H5-000803,0,,4670245,4670245,0.9674
INV-H5-000804,0,,3333692,3333692,0.6878
INV-H5-000805,0,,1853407,1853407,0.9598
INV-H5-000806,0,,2996292,2996292,0.9595
INV-H5-000807,0,,2777236,2777236,0.9635
INV-H5-000808,0,,2982195,2982195,0.6760
INV-H5-000809,0,,3709085,3709085,0.6800
INV-H5-000810,0,,4619371,4619371,0.9770
INV-H5-000811,0,,862226,862226,0.9589
INV-H5-000812,0,,5661710,5661710,0.9759
INV-H5-000813,0,,920502,920502,0.9857
INV-H5-000814,0,,4875115,4875115,0.9746
INV-H5-000815,0,,3112760,3112760,0.9662
INV-H5-000816,0,,3037479,3037479,0.9763
INV-H5-000817,0,,1317130,1317130,0.9543
INV-H5-000818,0,,3041310,3041310,0.6656
INV-H5-000819,0,,2942213,2942213,0.6905
INV-H5-000820,0,,5225499,5225499,0.6779
INV-H5-000821,0,,4293734,4293734,0.9453
INV-H5-000822,0,,3149569,3149569,0.9769
INV-H5-000823,0,,4178286,4178286,0.6804
INV-H5-000824,0,,1147453,1147453,0.9555
INV-H5-000825,0,,3713730,3713730,0.9690
INV-H5-000826,0,,4191918,4191918,0.9807
INV-H5-000827,0,,3234976,3234976,0.9650
INV-H5-000828,0,,1586272,1586272,0.9867
INV-H5-000830,0,,4093137,4093137,0.9795
INV-H5-000831,0,,6376818,6376818,0.6908
INV-H5-000832,0,,3973709,3973709,0.6872
INV-H5-000833,0,,6386571,6386571,0.9643
INV-H5-000834,0,,3231790,3231790,0.6767
INV-H5-000835,0,,4006959,4006959,0.9629
INV-H5-000836,0,,1111946,1111946,0.9758
INV-H5-000837,0,,2314751,2314751,0.9449
INV-H5-000838,0,,2103005,2103005,0.9725
INV-H5-000839,0,,5260553,5260553,0.9614
INV-H5-000840,0,,1959097,1959097,0.9678
INV-H5-000841,0,,5653085,5653085,0.9855
INV-H5-000842,0,,1031218,1031218,0.9755
INV-H5-000843,1,premium_incorrectly_applied|unit_price_mismatch|volume_discount_omitted,3058433,2994881,0.9573
INV-H5-000844,0,,1957490,1957490,0.9703
INV-H5-000845,0,,3740476,3740476,0.6804
INV-H5-000846,0,,3319061,3319061,0.6840
INV-H5-000847,0,,2939617,2939617,0.9668
INV-H5-000848,0,,1596145,1596145,0.9608
INV-H5-000849,0,,4974630,4974630,0.9766
INV-H5-000850,1,daily_cap_exceeded,4898641,4902057,0.9711
INV-H5-000851,0,,2532921,2532921,0.9807
INV-H5-000852,0,,6191609,6191609,0.9628
INV-H5-000853,0,,2601163,2601163,0.9647
INV-H5-000854,0,,2796569,2796569,0.9478
INV-H5-000855,0,,3237849,3237849,0.9652
INV-H5-000856,0,,2267767,2267767,0.9815
INV-H5-000857,0,,5738100,5738100,0.6839
INV-H5-000858,0,,1688007,1688007,0.9327
INV-H5-000859,0,,5704610,5704610,0.6882
INV-H5-000860,0,,2106262,2106262,0.9856
INV-H5-000861,0,,2993863,2993863,0.9809
INV-H5-000862,0,,2519370,2519370,0.9412
INV-H5-000863,0,,962485,962485,0.9796
INV-H5-000864,0,,4621621,4621621,0.9765
INV-H5-000865,0,,2002670,2002670,0.9754
INV-H5-000866,0,,2379332,2379332,0.6436
INV-H5-000867,0,,3661673,3661673,0.6831
INV-H5-000868,0,,2546865,2546865,0.6789
INV-H5-000869,0,,1913028,1913028,0.9865
INV-H5-000870,0,,1492257,1492257,0.9589
INV-H5-000871,0,,2198231,2198231,0.9615
INV-H5-000872,0,,1664133,1664133,0.9764
INV-H5-000873,0,,4097350,4097350,0.9763
INV-H5-000874,0,,2026860,2026860,0.6715
INV-H5-000875,0,,3568347,3568347,0.9789
INV-H5-000876,0,,1606449,1606449,0.6837
INV-H5-000877,0,,1574894,1574894,0.9851
INV-H5-000878,0,,3285870,3285870,0.6871
INV-H5-000879,0,,1268035,1268035,0.9766
INV-H5-000880,0,,625570,625570,0.9845
INV-H5-000881,0,,1217530,1217530,0.9885
INV-H5-000882,0,,3130100,3130100,0.9603
INV-H5-000883,0,,4556048,4556048,0.6652
INV-H5-000884,0,,1034433,1034433,0.9900
INV-H5-000885,0,,3052669,3052669,0.6817
INV-H5-000886,0,,2194566,2194566,0.9612
INV-H5-000887,0,,981226,981226,0.9507
INV-H5-000888,0,,2813104,2813104,0.6667
INV-H5-000889,0,,1640226,1640226,0.9678
INV-H5-000890,0,,2905929,2905929,0.9738
INV-H5-000891,0,,5669568,5669568,0.6734
INV-H5-000892,0,,3673701,3673701,0.9622
INV-H5-000893,0,,2050277,2050277,0.6780
INV-H5-000894,0,,2477796,2477796,0.9430
INV-H5-000895,0,,1575522,1575522,0.9589
INV-H5-000896,0,,2720760,2720760,0.9680
INV-H5-000897,1,premium_incorrectly_applied|unit_price_mismatch|volume_discount_incorrectly_applied|wrong_unit_basis,3774720,4233827,0.9802
INV-H5-000898,0,,2612536,2612536,0.6816
INV-H5-000899,0,,1456808,1456808,0.9809
INV-H5-000900,0,,1152205,1152205,0.9837
INV-H5-000901,0,,3601565,3601565,0.9495
INV-H5-000902,0,,1581158,1581158,0.9796
INV-H5-000903,0,,5071274,5071274,0.6778
INV-H5-000904,0,,3407777,3407777,0.9845
INV-H5-000905,0,,3741442,3741442,0.9744
INV-H5-000906,0,,2881655,2881655,0.9722
INV-H5-000907,1,line_total_arithmetic,1511081,1536081,0.6624
INV-H5-000909,0,,5441512,5441512,0.6622
INV-H5-000910,0,,4163409,4163409,0.9603
INV-H5-000911,0,,2967408,2967408,0.9636
INV-H5-000912,0,,2405012,2405012,0.9720
INV-H5-000913,0,,1289242,1289242,0.6544
INV-H5-000914,0,,1995034,1995034,0.9509
INV-H5-000915,0,,3381685,3381685,0.9800
INV-H5-000916,0,,5418244,5418244,0.9752
INV-H5-000917,0,,8897803,8897803,0.9758
INV-H5-000918,0,,4114271,4114271,0.9457
INV-H5-000919,0,,666083,666083,0.9643
INV-H5-000920,0,,4068735,4068735,0.9802
INV-H5-000921,0,,3000249,3000249,0.9674
INV-H5-000922,0,,786195,786195,0.9872
INV-H5-000923,0,,2279905,2279905,0.6690
INV-H5-000924,0,,1196647,1196647,0.9627
INV-H5-000925,0,,2973439,2973439,0.9810
INV-H5-000926,0,,1952954,1952954,0.9538
INV-H5-000927,0,,4866592,4866592,0.9841
INV-H5-000928,0,,1748166,1748166,0.6634
INV-H5-000929,0,,1644078,1644078,0.9568
INV-H5-000930,0,,2222681,2222681,0.9693
INV-H5-000931,0,,2722883,2722883,0.6737
INV-H5-000932,0,,1355311,1355311,0.9577
INV-H5-000933,0,,3206745,3206745,0.9645
INV-H5-000934,0,,2326305,2326305,0.6437
INV-H5-000935,0,,4576964,4576964,0.9660
INV-H5-000936,0,,1313868,1313868,0.9864
INV-H5-000937,0,,6515306,6515306,0.9837
INV-H5-000938,0,,2774726,2774726,0.9636
INV-H5-000939,0,,3525865,3525865,0.9716
INV-H5-000940,0,,4135982,4135982,0.6502
INV-H5-000941,0,,2653154,2653154,0.9725
INV-H5-000942,0,,5374484,5374484,0.9666
INV-H5-000943,0,,3304292,3304292,0.6749
INV-H5-000944,0,,3745500,3745500,0.6843
INV-H5-000945,0,,3769040,3769040,0.9777
INV-H5-000946,0,,3367191,3367191,0.9738
INV-H5-000947,0,,4197747,4197747,0.6867
INV-H5-000948,0,,850714,850714,0.9410
INV-H5-000949,0,,1776906,1776906,0.9679
INV-H5-000950,0,,4185066,4185066,0.9594
INV-H5-000951,0,,1733711,1733711,0.6785
INV-H5-000952,0,,2478862,2478862,0.9745
INV-H5-000953,0,,3381670,3381670,0.9736
INV-H5-000954,0,,2998126,2998126,0.9779
INV-H5-000955,0,,2933020,2933020,0.9659
INV-H5-000956,0,,1224306,1224306,0.9099
INV-H5-000957,0,,2222390,2222390,0.9840
INV-H5-000958,0,,3426845,3426845,0.9850
INV-H5-000959,0,,1820777,1820777,0.9662
INV-H5-000960,0,,5232678,5232678,0.9628
INV-H5-000961,0,,1818870,1818870,0.9404
INV-H5-000962,0,,2428061,2428061,0.9616
INV-H5-000963,0,,2320851,2320851,0.6805
INV-H5-000964,1,premium_incorrectly_applied|unit_price_mismatch|volume_discount_incorrectly_applied,2234553,2256912,0.9764
INV-H5-000965,0,,5158385,5158385,0.9852
INV-H5-000966,0,,2912832,2912832,0.6609
INV-H5-000967,0,,4968113,4968113,0.9679
INV-H5-000968,0,,2498012,2498012,0.6596
INV-H5-000969,1,contract_number_mismatch|premium_incorrectly_applied|unit_price_mismatch|unknown_service|volume_discount_omitted,961727,1082586,0.6188
INV-H5-000970,0,,1259941,1259941,0.9703
INV-H5-000971,0,,2484210,2484210,0.9645
INV-H5-000972,0,,2514995,2514995,0.6804
INV-H5-000973,0,,2608248,2608248,0.9671
INV-H5-000974,0,,694010,694010,0.9772
INV-H5-000975,0,,3391520,3391520,0.9676
INV-H5-000976,0,,2126336,2126336,0.6690
INV-H5-000977,0,,586933,586933,0.9835
INV-H5-000978,0,,3182051,3182051,0.9784
INV-H5-000979,1,service_date_out_of_window|service_not_effective,7668100,7668100,0.9761
INV-H5-000980,0,,2661095,2661095,0.9470
INV-H5-000981,0,,1909714,1909714,0.6630
INV-H5-000982,0,,5824479,5824479,0.9771
INV-H5-000983,0,,3233250,3233250,0.9539
INV-H5-000984,0,,1751224,1751224,0.6383
INV-H5-000985,0,,2148190,2148190,0.6725
INV-H5-000986,0,,2455807,2455807,0.9669
INV-H5-000987,0,,1939527,1939527,0.9635
INV-H5-000988,0,,2059772,2059772,0.9849
INV-H5-000989,0,,2776706,2776706,0.9695
INV-H5-000990,0,,1843625,1843625,0.9626
INV-H5-000991,0,,5002155,5002155,0.9859
INV-H5-000992,0,,2800797,2800797,0.9758
INV-H5-000993,0,,1363419,1363419,0.6798
INV-H5-000994,1,unit_price_mismatch|volume_discount_incorrectly_applied,1553055,1528515,0.9827
INV-H5-000995,0,,4439461,4439461,0.9617
INV-H5-000996,0,,1604635,1604635,0.9646
INV-H5-000997,1,cross_invoice_duplicate,3822708,4176333,0.9734
INV-H5-000998,0,,3435037,3435037,0.6798
INV-H5-000999,0,,429292,429292,0.9827
INV-H5-001000,0,,3543284,3543284,0.6734
INV-H5-001001,0,,741312,741312,0.9525
INV-H5-001002,0,,4031897,4031897,0.9669
INV-H5-001003,0,,2226123,2226123,0.9569
INV-H5-001004,0,,636645,636645,0.9633
INV-H5-001005,0,,2318348,2318348,0.9487
INV-H5-001006,0,,510527,510527,0.9869
INV-H5-001007,0,,7584289,7584289,0.6733
INV-H5-001008,0,,2202566,2202566,0.9664
INV-H5-001009,0,,2735156,2735156,0.9825
INV-H5-001010,0,,3436810,3436810,0.9686
INV-H5-001011,0,,3849659,3849659,0.9859
INV-H5-001012,0,,1171431,1171431,0.9851
INV-H5-001013,0,,3381343,3381343,0.9604
INV-H5-001014,1,service_date_after_invoice_date,1777417,1777417,0.9515
INV-H5-001015,0,,2648986,2648986,0.6817
INV-H5-001016,0,,3158184,3158184,0.6491
INV-H5-001017,0,,2990475,2990475,0.9629
INV-H5-001018,0,,2806989,2806989,0.9545
INV-H5-001019,0,,1774460,1774460,0.9741
INV-H5-001020,0,,1359899,1359899,0.9396
INV-H5-001021,0,,1418056,1418056,0.9752
INV-H5-001022,0,,4492340,4492340,0.6842
INV-H5-001023,0,,4145799,4145799,0.9726
INV-H5-001024,1,daily_cap_exceeded,2275991,2990817,0.9803
INV-H5-001025,0,,2191360,2191360,0.9604
INV-H5-001026,0,,1854508,1854508,0.9900
INV-H5-001027,0,,3103378,3103378,0.9569
INV-H5-001028,0,,2167015,2167015,0.6700
INV-H5-001029,0,,1326184,1326184,0.9706
INV-H5-001030,0,,2445907,2445907,0.9534
INV-H5-001031,0,,1546572,1546572,0.9848
INV-H5-001032,0,,2785115,2785115,0.9601
INV-H5-001033,0,,1825159,1825159,0.9589
INV-H5-001034,0,,3166295,3166295,0.6931
INV-H5-001035,0,,3506503,3506503,0.6824
INV-H5-001036,0,,1255670,1255670,0.9438
INV-H5-001037,0,,740235,740235,0.9768
INV-H5-001038,0,,5420922,5420922,0.6800
INV-H5-001039,0,,3109630,3109630,0.9718
INV-H5-001040,0,,830679,830679,0.9750
INV-H5-001041,0,,1744044,1744044,0.9595
INV-H5-001042,0,,3501437,3501437,0.6693
INV-H5-001043,0,,4740753,4740753,0.9656
INV-H5-001044,0,,611603,611603,0.9762
INV-H5-001045,1,premium_incorrectly_applied|unit_price_mismatch|volume_discount_omitted,1350139,1481689,0.9454
INV-H5-001046,0,,1379695,1379695,0.9786
INV-H5-001047,0,,2529492,2529492,0.9625
INV-H5-001048,0,,2854497,2854497,0.6665
INV-H5-001049,0,,2597006,2597006,0.6636
INV-H5-001050,0,,1970667,1970667,0.9878
INV-H5-001051,0,,3072819,3072819,0.9501
INV-H5-001052,0,,3448607,3448607,0.6797
INV-H5-001053,0,,1740470,1740470,0.6505
INV-H5-001054,0,,2094051,2094051,0.9799
INV-H5-001055,0,,2457815,2457815,0.9841
INV-H5-001056,0,,1798050,1798050,0.9747
INV-H5-001057,0,,4669721,4669721,0.9671
